                  epoch,         train/box_loss,         train/cls_loss,         train/dfl_loss,   metrics/precision(B),      metrics/recall(B),       metrics/mAP50(B),    metrics/mAP50-95(B),           val/box_loss,           val/cls_loss,           val/dfl_loss,                 lr/pg0,                 lr/pg1,                 lr/pg2
                      1,                 3.1255,                 5.7791,                 4.2459,                      0,                      0,                      0,                      0,                 2.3836,                 6.0459,                 4.1381,             0.00014341,             0.00014341,             0.00014341
                      2,                 3.1199,                 5.1451,                 3.9902,                0.26627,                0.01155,                0.00798,                0.00193,                 2.5699,                 5.2337,                 3.6425,             0.00021703,             0.00021703,             0.00021703
                      3,                 3.0909,                 4.6557,                 3.7417,                0.29113,                0.14095,                0.03575,                0.00948,                 2.5023,                  5.138,                   3.56,             0.00021887,             0.00021887,             0.00021887
                      4,                 3.0245,                 4.5216,                 3.5997,                0.31318,                0.12319,                 0.0529,                0.01461,                 2.5741,                 5.0315,                 3.4567,             0.00011201,             0.00011201,             0.00011201
